iso_code,country,gini.coefficient.2005_2013,internat_access_per100ppl_2015,avg_cdvi,fews,hdi,gdp,population,infant_mortality,urban,urban_growth,life_expectancy,female_policy,mobile,fuel_exports,fuel_imports,pm25,co2,energy,water,land,renewable,coal,outdoor,indoor,lung_cancer_total,smoking_total,coal,code,pop,popgrowthrate,popdensity,landarea,gdppc,sdgi,epi2018score,epi2018rank,h2o.current,air.current,urban_pop
AFG,Afghanistan,27.8,8,3.081873,0.32,0.47,1876.544682,34656032,91.1,27.132,4.282960067,63.29819512,27.7,66.00374446,NA,19.33986983,48.01676483,0.299444991,2.637532569,1439.342182,11.90301137,16.74899642,0,57,71,12.600000000000001,28.4,NA,4,34.656032,2.689163473,53.08340532,652860,1739.583177,46.8,37.74,168,25.75,44.67,25.495
AGO,Angola,42.7,12,NA,0.44,0.53,6499.067104,28813463,156.9,44.819,5.098251496,61.18934146,36.8,55.27564687,96.19440336,5.73506127,36.39542768,1.291328315,3.645251056,5497.676006,3.930376193,50.79746645,0,32,56,6.800000000000001,15.799999999999999,46.82507169,24,28.813463,3.367572131,23.11178551,1246700,5984.632947,50.2,37.44,170,9.2,44.66,65.514
ALB,Albania,29,63,0.313638,0.7,0.72,11928.53656,2876101,14,58.376,1.514006568,78.20314634,22.9,105.0623124,1.567523363,8.150161313,17.93662454,1.978763312,3.338773912,9310.845162,22.46715328,38.6894966,0,18,35,44.9,47,0,8,2.876101,-0.159880412,104.9671898,27400,11359.09916,68.9,65.46,40,66.56,65.47,60.319
ARE,United Arab Emirates,NA,91,1.939429,0.45,0.83,72418.61086,9269612,6.8,85.804,1.558749835,77.4842439,22.5,204.0205231,42.49623997,3.349103119,64.29012818,23.30202251,5.029777052,16.53645677,0.448564593,0.16780695,0,41,0.49,12,13.100000000000001,1.242089726,784,9.269612,1.251759052,110.8805263,83600,67133.01484,66,58.9,77,63.27,72.93,86.522
ARG,Argentina,43.6,69,1.479629,0.87,0.81,19934.37249,43847430,12.5,91.893,1.139388252,76.29302439,35.8,150.6656849,4.751054465,16.92103947,13.44396548,4.746797455,4.470668323,6793.61814,14.323873,10.77312486,0,13,2.3,39.6,33.6,15.42319446,32,43.84743,0.984741906,16.0220668,2736690,18489.43028,72.5,59.3,74,73.07,84.57,91.87
ARM,Armenia,30.3,58,0.519639,0.65,0.73,8817.953996,2924816,14.1,62.558,0.085624168,74.20619512,10.7,114.7796321,6.339750761,20.32830053,25.50768535,1.90275891,5.35254782,2360.110384,15.71829996,7.724733865,0,33,16,67,45,0,51,2.924816,0.269302288,102.7332631,28470,8190.239289,71.7,62.07,63,61.94,53.55,63.149
ATG,Antigua and Barbuda,NA,NA,3.52154,0.58,0.77,22413.4838,100963,8.1,23.393,-0.578390146,76.07563415,11.1,194.0826361,NA,29.77386425,13.88760103,5.377648546,4.011551141,525.9165613,9.090909091,0,0,19,1.8,NA,6.6000000000000005,NA,28,0.100963,1.03542237,229.4613636,440,21013.01763,NA,59.18,76,53.33,89.13,24.599
AUS,Australia,34,85,0.954946,0.9,0.93,46789.92724,24127159,3.8,89.554,1.556450202,82.45121951,28.7,109.6064682,28.01940925,16.10980078,5.897734951,15.39859985,5.164669683,20971.24663,6.112362183,9.497567815,1,8.6,0.3,52.8,28.9,2.695064136,36,24.127159,1.410063834,3.140616612,7682300,44413.84914,75.9,74.12,21,98.44,100,86.012
AUT,Austria,30,84,-0.05267,0.9,0.88,50077.83261,8747358,3.5,66.032,1.410967561,81.84390244,30.6,166.1389108,2.386195601,10.22262762,17.01299421,6.87371322,3.593458774,6439.093493,16.37967597,35.78392667,0,12,0.87,56.5,34.7,1.394038502,40,8.747358,1.314006681,105.9990306,82523,44357.965,81.4,78.97,8,94.63,82.21,58.297
AZE,Azerbaijan,33,77,0.642739,0.7,0.75,17253.25603,9762274,31.7,54.895,1.665784788,71.84519512,16.8,106.2845688,92.63841257,3.422487533,30.3540129,3.931560609,3.762405728,851.0679356,23.30546919,2.116818483,0,20,15,28.1,37,6.509235256,31,9.762274,1.163574223,118.0972624,82663,15994.01943,70.8,62.33,59,48.53,47.44,55.68
BDI,Burundi,33.3,5,2.754941,0.19,0.39,777.9565012,10524117,81.7,12.359,5.609274897,57.06934146,36.4,48.04065322,0.039931806,24.35478626,45.53410622,0.044485376,7.826447063,1017.005011,46.72897196,90.04661449,0,39,99,3.7,10.6,NA,108,10.524117,3.135333146,409.8176402,25680,721.1765615,51.8,27.43,180,0.86,36.92,13.032
BEL,Belgium,33.1,85,0.122803,0.77,0.88,46383.23696,11348159,4.1,97.897,0.693736606,81.28780488,39.3,111.0129108,11.33667661,16.20640598,15.63662972,8.328159898,4.824562499,1070.562849,26.98150594,9.038057111,0,13,0.35,80.30000000000001,38,0.300511877,56,11.348159,0.653895349,374.7740753,30280,42058.62819,80,77.38,15,96.09,88.63,98.001
BEN,Benin,43.5,7,3.22105,0.28,0.48,2168.210407,10872298,99.5,44.395,3.770961027,60.58468293,7.2,79.64830208,0.254303759,13.96679173,35.16237337,0.614213852,8.744760407,1001.291764,23.94466123,48.60073637,0,39,90,1.9,9.6,94.44444444,204,10.872298,2.763534181,96.41981199,112760,2009.961384,49.5,38.17,167,6.37,50.66,47.312
BFA,Burkina Faso,39.8,11,2.478397,0.27,0.39,1720.121585,18646433,88.6,30.688,5.654151508,59.84465854,9.4,83.62763173,11.73303093,31.34049876,40.03947692,0.162018806,5.949926311,710.7936056,21.92982456,76.48121026,0,43,95,6.1,34,NA,854,18.646433,2.915614034,68.1521674,273600,1642.1858340000001,49.9,42.83,154,8.45,61.85,29.358
BGD,Bangladesh,32.1,14,1.669397,0.41,0.56,3580.694128,162951560,37.6,35.035,3.267463256,72.22160976,20,77.88240574,NA,NA,89.3929096,0.459141965,3.129437284,658.698386,58.91526465,37.48503198,0,61,79,18.7,35.9,16.37999695,50,162.95156,1.080165239,1251.836521,130170,3319.354537,56.2,29.56,179,28.47,4.12,36.632
BGR,Bulgaria,34.3,57,NA,0.73,0.78,19199.07115,7127822,10.4,74.266,-0.272281648,74.46585366,20.4,127.2292355,11.166175,19.29835741,28.12871472,5.871615869,6.33955779,2907.001694,32.11127487,16.96708383,1,19,16,61.400000000000006,51.8,0.373394608,100,7.127822,-0.701382098,65.65790346,108560,17794.3557,72.5,67.85,30,71.26,68.49,75.008
BHS,Bahamas,NA,NA,NA,0.74,0.79,23173.0333,391232,12.1,82.951,1.222425351,75.36878049,13.2,91.81818877,NA,22.91683891,13.71948341,6.323257512,4.027368648,1831.650396,0.799200799,1.09819653,0,17,2.9,13.9,11.7,NA,44,0.391232,1.129473367,39.08411588,10010,20878.86949,NA,54.99,98,55.4,84.19,83.025
BIH,Bosnia and Herzegovina,33,65,0.085202,0.72,0.73,12074.75236,3516816,5.4,39.94,-0.108867286,76.64029268,21.4,89.24919928,9.396595726,16.73101527,47.40090583,6.234719162,8.847452447,9955.1262170000009,19.74609375,41.74546069,1,28,40,75.9,61.7,0.313519739,70,3.516816,-0.54290805,68.6878125,51200,11327.41218,65.5,41.84,158,71.54,60.37,48.245
BLR,Belarus,26.5,62,-0.194369,0.78,0.79,18060.41295,9507120,4.6,77.046,0.677415185,73.62439024,34.5,124.1695225,33.16786379,29.37437487,20.48379252,6.701957705,7.061398212,3588.575706,27.94342319,6.634181148,0,19,0.72,60.2,46,1.06214424,112,9.50712,0.184284342,46.8538761,202910,16742.2942,77.1,64.98,44,68.66,69.71,78.595
BLZ,Belize,NA,42,1.724724,0.71,0.73,8448.043456,366954,16.5,43.845,1.819537719,70.31097561,3.1,63.87061558,16.65826719,15.00291616,27.04048536,1.407601494,4.529278834,43389.99244,3.419552828,36.54403749,0,23,13,20.799999999999997,15.4,NA,84,0.366954,2.111220431,16.0874178,22810,7846.015833,66,57.79,81,46.74,74.73,45.724
BOL,Bolivia,46.6,45,2.73747,0.53,0.67,7236.089471,10887882,38.4,68.911,2.090730993,68.74980488,53.1,90.74927347,57.82125731,11.91511348,27.97140377,1.932419499,5.221590933,28734.65548,4.128588572,16.81796221,0,22,17,15.8,34.1,2.251407129,68,10.887882,1.510046906,10.05066187,1083300,6707.956184,64.7,55.98,92,44.57,70.92,69.425
BRA,Brazil,52.7,59,1.628622,0.81,0.74,15127.8101,207652865,16.4,85.933,1.104235786,75.19912195,9.9,118.922999,9.246522347,19.6663899,11.36829449,2.594388285,4.063226263,27721.0379,9.573541482,41.81093085,1,13,6.2,26.9,24.3,5.044253265,76,207.652865,0.817555711,24.84438703,8358140,14023.69286,69.5,60.7,69,45.91,78.78,86.569
BRB,Barbados,NA,NA,NA,0.59,0.78,16815.57034,284996,13,31.415,0.082687112,75.63790244,16.7,114.9950327,9.42637536,25.56725755,15.38938638,4.490177673,3.877799352,282.3014627,25.58139535,3.1677618,0,23,0.063,19.5,9.799999999999999,NA,52,0.284996,0.273711418,662.7813953,430,16750.52593,66,55.76,93,55.64,100,31.147
BWA,Botswana,60.5,28,2.570146,0.62,0.68,16734.85198,2250260,43.6,57.71,2.303663536,65.75109756,9.5,158.5343822,0.488134903,15.50219868,17.5393912,3.243287637,3.370599365,1106.718566,0.70403896,29.16849718,0,23,46,7.19,28.9,3.606336367,72,2.25026,1.841666401,3.970603286,566730,15723.23707,58.3,51.7,113,21.8,43.33,69.446
CAF,Central African Republic,56.3,5,2.46398,0.31,0.34,698.8896075,4594621,130.1,40.332,1.795799949,51.37785366,7.2,25.48780926,NA,0.427814063,46.46839936,0.066593111,8.86589517,31226.52474,2.889338342,77.19169954,0,57,98,4.6,13,NA,140,4.594621,1.06165489,7.375230344,622980,647.8804448,36.7,36.42,171,0.32,60.82,41.364
CAN,Canada,33.7,88,-0.938241,0.91,0.9,44025.18343,36286425,4.9,82.006,1.431183937,82.12902439,26,84.06444554,28.06721155,10.59740084,7.178847511,15.1132392,7.702573688,80181.03697,5.060202276,22.57580705,1,6.4,0.078,60.400000000000006,21.2,1.214777708,124,36.286425,1.213891076,3.990365107,9093510,43087.73873,78,72.18,25,0,42.93,81.411
CHE,Switzerland,32.4,88,-0.028307,0.9,0.92,62881.46051,8372098,3.9,73.99,1.182683765,83.19756098,32,135.6196304,1.537854554,6.564506653,12.89019363,4.311562994,2.317914934,4933.658776,10.12754327,23.45222945,0,10,0.85,45.900000000000006,34.7,0.068081759,756,8.372098,1.077221168,211.866029,39516,57430.04919,81.2,87.42,1,99.99,91.06,73.797
CHL,Chile,50.8,64,1.010196,0.8,0.82,23960.27015,17909754,8.1,89.697,1.01093723,79.16068293,15.8,127.1180653,0.851660741,21.25635135,20.94195715,4.687376624,3.881573707,50244.70021,1.733886369,26.41527897,0,21,7.5,27.6,52.5,4.186398185,152,17.909754,0.824579726,24.08740175,743532,22706.73288,71.6,57.49,84,68.24,14.39,87.564
CHN,China,37,50,-0.235531,0.63,0.72,15534.70194,1378665000,10.7,56.778,2.612874387,76.11709756,23.6,96.87787265,1.458754918,17.20111591,58.37659937,7.543907641,7.43281297,2061.908566,11.25880106,17.09945969,1,53,32,70.6,46.8,0.165618383,156,1378.665,0.541478512,146.850662,9388211,14399.43714,67.1,50.74,120,59.96,77.01,59.152
CMR,Cameroon,40.7,21,1.990407,0.43,0.5,3285.731599,23439189,87.9,54.938,3.632635989,57.5575122,31.1,68.11383605,54.38476894,28.02920698,66.42837013,0.314928068,4.929540387,12275.23284,13.11586385,77.38821693,0,73,65,5,9.6,17.88990826,120,23.439189,2.613585149,49.58471156,472710,3346.817793,52.8,40.81,161,40.66,70.81,56.374
COG,Congo,40.2,8,2.920676,0.39,0.56,5718.788841,5125821,45,65.798,3.209660046,64.09073171,7.4,113.3471493,61.8681573,2.965164935,53.0089847,0.635369293,4.078888254,45574.91212,1.610541728,62.3685091,0,47,63,4.9,31.6,0,178,5.125821,2.57235739,15.00972474,341500,5301.395941,50.9,42.39,157,10.26,23.84,66.916
COL,Colombia,53.5,56,2.667805,0.75,0.71,14157.63404,48653419,15.9,76.708,1.232008745,74.15619512,19.9,117.0901968,67.52860132,12.01430849,17.99813938,1.759537174,2.343102782,44882.0722,1.509869311,24.5170199,1,17,6.8,20.799999999999997,15.399999999999999,0.567976006,170,48.653419,0.876786632,43.85166201,1109500,13124.31918,64.8,65.22,42,10,64.38,80.778
COM,Comoros,NA,NA,NA,0.36,0.49,1522.255706,795601,73.5,28.412,2.720188525,63.46068293,3,57.65843875,NA,NA,17.07934151,0.202814119,4.663190839,1580.226104,34.92745836,46.49399305,0,21,76,NA,23.3,NA,174,0.795601,2.311191381,427.5126276,1861,1411.152339,NA,44.24,146,62.78,84.43,28.965
CPV,Cape Verde,NA,NA,NA,0.37,0.64,6553.034369,539560,24.5,66.187,2.243282671,72.43517073,23.6,122.0229832,NA,15.41627862,39.556029530000004,0.933403237,2.69585812,569.8687592,13.64764268,26.19641579,0,35,39,23.200000000000003,20.200000000000003,NA,132,0.53956,1.239580878,133.8858561,4030,6074.754548,NA,56.94,89,13.45,50.54,65.732
CRI,Costa Rica,48.6,60,2.567219,0.78,0.76,16614.08851,4857274,9.7,77.675,2.128248284,79.60890244,33.3,159.2314897,0.043355735,12.80491942,20.11774831,1.630951062,3.033376805,23751.59614,4.545632589,37.86890976,0,16,6.5,13.4,11.6,0.998890122,188,4.857274,1.022696047,95.12875049,51060,15401.4925,69.8,67.85,30,9.53,53.88,79.34
CUB,Cuba,NA,31,0.557319,0.79,0.82,NA,11475982,5.5,77.184,0.269486941,79.54370732,48.9,35.49171001,NA,NA,17.98569778,3.045210624,2.132253183,3332.2357,29.68659873,18.74847139,0,20,2.1,62.800000000000004,47.900000000000006,45.96805994,192,11.475982,0.126866978,110.3247645,104020,20858.38431,75.5,63.42,55,57.5,86.47,77.037
CYP,Cyprus,NA,NA,NA,0.56,0.85,32580.35064,1170125,2.7,66.84,0.663096419,80.29104878,17.9,134.4775234,NA,24.6543897,18.28597332,5.260352041,3.289743745,676.9017685,8.636363636,9.389138187,0,17,0.59,49.4,52,91.21994264,196,1.170125,0.784179797,126.6369048,9240,22801.48903,70.6,72.6,24,92.35,87.5,66.81
CZE,Czech Republic,26.4,81,-0.182557,0.71,0.86,34711.28294,10561633,3.4,72.98,0.13113365,79.47317073,20,115.4745669,2.644426517,8.140783568,21.40898739,9.165978376,5.716444372,1249.364985,40.70716228,12.75266949,1,16,2.1,56.7,36.6,0.113779413,203,10.561633,0.147567084,136.7909986,77210,31352.82205,81.9,67.68,33,69.98,65.77,73.792
DEU,Germany,30.6,88,-0.067654,0.78,0.91,48729.59042,82667685,3.7,75.51,1.471035055,81.0902439,36.5,114.5288178,2.302879841,12.13211118,14.0153719,8.889370395,3.63329953,1321.273115,34.02407567,13.37887765,1,12,0.78,68.4,42.2,0.968692616,276,82.667685,1.193866758,236.9380482,348900,44260.34187,81.7,78.37,13,96.74,84.09,77.312
DJI,Djibouti,40,12,2.07498,0.42,0.47,NA,942333,65.3,77.43,1.70820042,62.24982927,12.7,37.8178544,NA,NA,51.50224365,0.791961752,4.126723088,328.8882262,0.086281277,34.15104422,0,46,27,5.2,24.400000000000002,NA,262,0.942333,1.5958647480000001,40.65284728,23180,3373.483218,49.6,40.04,163,19.3,69.73,77.777
DMA,Dominica,NA,68,NA,0.77,0.72,10975.06471,73543,21.2,69.82,0.923468763,NA,21.9,107.4325157,NA,NA,13.55936883,1.864285911,2.782690025,2748.083212,8,9.865335026,0,19,8.4,NA,7.7,NA,212,0.073543,0.519410867,98.05733333,750,10151.34252,NA,59.38,73,50.64,80.39,70.483
DNK,Denmark,26.9,96,-0.230519,0.74,0.9,49695.96751,5731118,3.5,87.847,1.029470445,81.1,37.4,122.8939236,6.541816349,8.47625855,11.02259277,5.935712482,2.786787119,1063.174728,57.54578581,30.21992724,0,10,0.31,73.6,33.3,1.081286489,208,5.731118,0.834637611,135.6092471,42262,45966.24952,84.2,81.6,3,97.78,99.16,87.874
DOM,Dominican Republic,45.7,52,1.13281,0.67,0.7,15208.91378,10648791,30.9,79.841,2.221299129,73.70368293,26.8,80.83152181,6.778126307,22.840509,20.41796867,2.069986634,2.430179066,2258.346368,16.55971848,18.3784571,0,14,8.8,25,21.1,53.48106409,214,10.648791,1.137056669,220.4262265,48310,14098.87752,67.2,64.71,46,42.4,77.96,81.074
DZA,Algeria,NA,38,2.833966,0.5,0.72,15074.92481,40606052,25.5,71.304,2.637964095,75.85529268,31.6,117.0201102,95.76423179,4.914099665,35.56453306,3.717409901,4.09963435,287.6258526,3.136109258,0.068775439,0,39,0.32,20.299999999999997,19.7,1.319805808,12,40.606052,1.825463432,17.04889491,2381741,13921.17608,68.8,57.18,88,60.26,93.98,72.629
ECU,Ecuador,46.6,49,2.305652,0.75,0.71,11286.17413,16385068,21.6,63.976,1.846349617,76.0815122,41.6,84.30334065,53.46938158,15.37292699,12.84155358,2.761702175,3.441266843,27818.45465,4.097680786,12.21814004,0,15,3.2,12.4,8.5,34.52961672,218,16.385068,1.479917408,65.97305524,248360,10424.24725,69,57.42,87,52.2,82.97,63.821
EGY,Egypt,30.8,36,2.92963,0.56,0.68,11131.71648,95688681,24,43.222,2.218280629,71.29565854,14.9,113.6982662,23.87798311,13.96207137,104.6666533,2.198980246,3.480340708,19.60515949,2.682204028,6.412560754,0,87,0.8,15.8,44.6,21.01199602,818,95.688681,2.016789456,96.12605455,995450,10319.25605,64.9,61.21,66,32.78,88.88,42.704
ERI,Eritrea,NA,1,2.769949,0.27,0.38,NA,NA,46.5,NA,NA,64.62439024,22,7.294370822,NA,NA,43.49048059,NA,4.948192957,NA,6.831683168,80.30479379,0,48,80,5.9,10.799999999999999,99.50738916,232,6.975,3300000000000,69.05940594,101000,1117.700429,NA,39.34,165,7.09,64.88,NA
ESP,Spain,35.8,79,0.141356,0.79,0.87,36309.8443,46443959,4.1,79.802,0.271783712,83.3804878,39.1,109.7403864,6.674910164,20.93536348,9.738283342,5.033824487,3.250094677,2392.381453,24.54569081,17.35173648,1,9.7,1.3,56.1,46.2,6.20644223,724,46.443959,-0.008048086,92.84892145,500210,33349.22417,76.8,78.39,12,100,94.07,80.321
EST,Estonia,32.7,88,NA,0.78,0.84,29364.72111,1316481,2.9,67.468,-0.022177155,77.13170732,23.8,148.67534,10.31692726,14.7953309,9.404689495,14.84881917,7.230473336,9668.744699,15.28898325,25.24914376,0,6.7,9.6,66.3,46.9,1.22876068,233,1.316481,0.08161442,31.05640481,42390,28095.06265,78.6,64.31,48,58.45,78.87,68.88
ETH,Ethiopia,33.6,12,3.091623,0.25,0.44,1734.918233,102403196,59.2,19.922,4.786533988,65.00829268,38.8,50.5130341,0.025140129,17.31479642,35.73814656,0.119124015,14.59891042,1252.994168,15.119,92.71904179,0,39,89,7.199999999999999,6.4,0.038325189,231,102.403196,2.501821378,102.403196,1000000,1608.289648,53.5,44.78,141,9.35,43.66,20.763
FIN,Finland,27.8,93,0.061517,0.88,0.88,43052.7268,5495096,2.3,84.358,0.446183523,81.38536585,41.5,134.4753788,11.00024123,19.25957627,7.379235597,8.660721243,6.743381318,19591.64422,7.34081411,41.19126143,0,5.9,0.49,39.5,31.2,0.309051416,246,5.495096,0.283654477,18.0825167,303890,39523.05838,84,78.64,10,100,99,85.382
FJI,Fiji,42.8,46,NA,0.6,0.72,9560.525,898760,22.4,54.099,1.426355594,70.22426829,16,103.3027513,0.006267315,24.24014874,7.870697243,1.320574708,3.116301518,32230.53355,9.031198686,37.56839126,0,11,26,12.8,34.6,NA,242,0.89876,0.738287655,49.19321292,18270,8447.264216,NA,53.09,107,39.93,70.36,56.248
FRA,France,31.7,85,0.325683,0.84,0.88,41466.26571,66896109,4.3,79.75,0.696308865,82.67073171,26.2,103.4526224,3.903878421,14.68699436,12.36533737,4.572088353,4.123187259,3015.137937,33.4816284,13.13263803,0,12,0.41,73.8,53.9,0.38261277,250,66.896109,0.407491036,122.1719547,547557,38058.86528,80.3,83.95,2,97.22,95.97,80.444
GAB,Gabon,42.2,24,2.559247,0.64,0.67,18107.59942,1979786,50.8,87.366,2.77849466,65.68441463,14.2,144.1660721,NA,NA,39.86049558,2.768265721,6.792438512,87433.41865,1.261303217,81.046204,0,44,13,15.3,16.9,10.20696143,266,1.979786,2.537808568,7.683416773,257670,16786.00072,65.1,45.05,140,22.23,51.5,89.37
GEO,Georgia,41.4,45,0.483917,0.73,0.74,9996.935415,3719300,11.9,53.826,0.403420103,72.96612195,NA,129.0941061,3.85185887,16.70003322,20.4763228,2.411541991,5.636552521,15596.9949,6.576485825,31.89297959,0,22,42,39.400000000000006,42.699999999999996,0,268,3.7193,0.059168417,64.96028552,69490,9276.766243,68.6,55.69,94,59.93,54.93,58.632
GHA,Ghana,42.8,23,1.76903,0.38,0.57,4293.57285,28206728,61.6,54.682,3.41404533,62.4072439,10.9,139.1290239,NA,NA,22.98826426,0.536533378,3.626099348,1123.780406,20.65570889,45.21818084,0,35,73,3.1,9.8,0,288,28.206728,2.236737965,123.9638217,227540,3980.185153,59.9,49.66,124,26.52,52.37,56.06
GIN,Guinea,33.7,5,2.432788,0.33,0.39,1310.687204,12395924,93.7,37.651,3.796177552,59.39895122,21.9,85.33367045,0.655053131,31.61988446,22.63592379,0.207492621,10.17288937,19143.60491,12.61598567,80.01224676,0,26,98,4.9,8.3,NA,324,12.395924,2.48622533,50.44735471,245720,1823.338788,48.8,46.62,134,12.79,60.77,36.14
GMB,Gambia,47.3,17,2.109082,0.41,0.44,1689.07559,2038501,68.9,60.224,4.021492946,60.95743902,9.4,139.6287262,NA,21.27013088,60.94814767,0.267684889,4.620075222,1564.250005,43.47826087,48.05810054,0,34,95,6.49,20.1,NA,270,2.038501,3.03358022,201.4329051,10120,1554.884132,47.8,42.42,156,16.8,63.14,61.27
GNB,Guinea-Bissau,35.5,4,2.1008269999999998,0.38,0.4,1581.710425,1815698,92.5,50.094,4.052170993,56.95039024,13.7,70.25963885,NA,NA,32.98647968,0.157241167,12.37991099,9271.363539,10.6685633,87.06002651,0,30,97,3.8,12.4,NA,624,1.815698,2.519328921,64.56963016,28120,1491.681953,NA,44.67,143,10.01,60.5,43.36
GRC,Greece,34.7,67,0.456676,0.85,0.85,26783.02457,10746740,4.6,78.329,-0.275605998,81.58780488,19.7,112.7599929,38.50173602,34.37318451,13.48711001,6.180337268,3.626772097,5324.807276,20.17067494,16.08579315,1,16,0.68,84.19999999999999,55.1,10.92779129,300,10.74674,-0.687542545,83.37269201,128900,24277.59488,72.9,73.6,22,100,89.23,79.058
GTM,Guatemala,52.4,27,3.282799,0.59,0.63,7946.771619,16582469,29.1,52.03,2.896471776,73.04297561,13.9,115.3433139,6.561547123,19.56662771,34.84767569,1.150977994,4.862508596,6857.763393,8.714072415,59.90320153,0,24,46,6.4,15.9,18.24923133,320,16.582469,2.010367845,154.7449515,107160,7366.755819,58.3,52.33,110,29.5,68.3,51.054
GUY,Guyana,NA,38,0.481223,0.75,0.64,7818.900522,773303,39.4,28.661,0.998489262,66.53936585,30.4,66.42847723,6.45708e-4,32.64250267,17.3922441,2.632347952,6.611909566,315695.8474,2.133604267,24.01520304,0,22,9,7.3,17.8,NA,328,0.773303,0.621217097,3.928387097,196850,7266.335285,64.7,47.93,128,38.67,75.49,26.606
HND,Honduras,57.4,20,2.828912,0.62,0.62,4738.079453,9112867,20.4,55.315,2.74566058,73.32460976,25.8,91.2196774,0.045370367,23.3759023,37.59004958,1.07522179,6.013099375,10291.49473,9.116096166,54.04094344,0,21,47,11.6,20.8,56.68711656,340,9.112867,1.682462584,81.44487443,111890,4392.265947,61.7,51.51,114,34.06,68.9,57.096
HRV,Croatia,33.6,21,0.119937,0.81,0.81,23596.24491,4170600,4.3,59.284,-0.246974947,77.27560976,12.6,104.1129152,13.45813323,18.67706152,21.78040386,3.973804906,3.966372409,8894.889072,14.53180843,33.64663703,0,18,11,68.9,55.2,1.966542089,191,4.1706,-0.788234222,74.52823445,55960,21547.18569,76.9,65.45,41,70.01,64.07,56.947
HTI,Haiti,59.2,12,1.102037,0.3,0.47,1784.182184,10847334,69,59.794,3.204536379,63.01078049,0,60.53671899,NA,NA,25.837657,0.270538586,9.949935889,1230.554915,38.824383159999996,78.39122587,0,15,81,13,17,92.00385356,332,10.847334,1.264238966,393.5897678,27560,1653.961848,44.1,33.74,174,15.45,62.21,55.278
HUN,Hungary,28.9,73,-0.020668,0.84,0.82,26680.5941,9817958,5.9,71.672,0.367792228,75.96097561,10.1,119.1135215,3.342310344,12.08222695,23.05838255,4.265574976,4.084741088,608.1203527,48.6468574,10.36063762,1,16,16,118.80000000000001,52.3,0.253773647,348,9.817958,-0.255022953,108.4497736,90530,25653.80703,78,65.01,43,66.26,52.3,71.351
IDN,Indonesia,38.1,22,2.046851,0.59,0.68,11612.06637,261115456,27.2,54.466,2.475676863,69.03863415,17.1,149.1275754,29.17976191,24.71846279,15.40820407,1.819363319,3.699009035,7913.578052,12.97217331,38.06613938,1,17,36,25.4,68.69999999999999,8.39801012,360,261.115456,1.137493711,144.1376574,1811570,10764.54854,62.9,46.92,133,31.41,52.04,55.325
IND,India,33.6,26,1.139122,0.5,0.59,6572.336719,1324171354,47.7,33.136,2.329109667,68.33260976,12,86.95018782,19.62662315,41.31986448,74.32984681,1.730000432,4.944336871,1117.586747,52.58997911,36.53617235,1,91,60,10.8,18.7,1.659503516,356,1324.171354,1.148214693,445.3705797,2973190,6092.648037,58.1,30.57,177,15.8,5.75,34.03
IRL,Ireland,32.1,80,0.499069,0.89,0.9,68882.87834,4773095,3.6,63.535,2.501155795,81.50243902,22.2,103.6471191,0.92938718,12.1008635,9.799825902,7.378117809,2.393193433,10612.43496,15.35781681,8.471724021,0,8.2,0.62,68,37.2,1.448450123,372,4.773095,2.037334235,69.28574539,68890,62991.83234,77.9,78.77,9,100,95.78,63.17
IRN,Iran,38.3,44,1.437192,0.68,0.75,NA,80277428,15.5,73.879,1.833323286,75.74263415,5.9,100.0746506,NA,NA,42.98979197,8.283020787,7.694951176,1638.798756,9.017289226,0.937924133,0,39,0.52,18,19.2,14.42560212,364,80.277428,1.1487886,49.28745058,1628760,18497.72766,64.7,58.16,80,58.74,85.12,74.898
IRQ,Iraq,29.5,17,2.792338,0.65,0.64,17353.47924,37202572,32,69.592,3.139184022,69.63460976,26.5,82.18155372,99.91338372,22.95143577,51.99596281,4.811839686,4.142730006,1005.539609,11.59053233,0.912104698,0,62,0.39,22.4,26.8,25.73198688,368,37.202572,2.965163696,85.65705471,434320,16086.92539,56.6,43.2,152,41.05,72.91,70.473
ISL,Iceland,26.3,98,-0.944677,0.9,0.9,51398.92651,334252,2,94.23,1.132542418,82.86097561,47.6,118.0121358,1.991046094,17.21651988,7.78903328,6.059657407,18.17922927,519264.72120000003,1.208977556,76.42294532,0,6.5,0.53,60.2,28.9,0.021277728,352,0.334252,1.033589277,3.334184539,100250,45276.44855,79.3,78.57,11,100,98.55,93.813
ISR,Israel,42.8,79,3.496887,0.61,0.89,37901.34697,8547100,4,92.205,2.043747065,82.05121951,26.7,131.6662255,1.144695922,17.67447669,21.09447276,7.863181348,3.66928137,91.28863031,13.88632163,9.342675305,0,21,0.59,43,36.4,0.65238377,376,8.5471,1.973219653,394.9676525,21640,32684.18528,70.1,75.01,19,92.03,95.67,92.418
ITA,Italy,35.5,66,-0.028346,0.82,0.87,38160.67359,60600590,3.5,69.116,0.005885377,83.4902439,31,140.4254958,3.759572046,16.71545273,19.86123293,5.270866786,3.031987599,3002.180982,22.87346162,17.090359,0,17,0.8,50.5,37.7,4.753482359,380,60.60059,-0.214276426,206.026348,294140,34715.33858,75.5,76.96,16,100,80.56,70.438
JAM,Jamaica,45.5,43,1.276256,0.7,0.72,8834.819084,2881355,15.7,55.03,0.768264209,75.80668293,17.5,115.5722826,22.29233913,33.20063668,16.99207352,2.59321537,5.103335736,3780.458106,11.08033241,15.98840418,0,13,7.7,28.400000000000002,26,89.73799127,388,2.881355,0.327499919,266.0530933,10830,8179.62034,66.6,58.58,78,51.04,78.74,55.674
JOR,Jordan,33.7,53,3.730464,0.47,0.75,9050.071964,9455802,17.9,83.905,3.45557866,74.19102439,15.4,196.3111358,0.168398552,27.96657544,38.79814209,3.002514727,4.508731014,77.41813033,2.675152061,3.13049941,0,33,0.035,38,37.5,50.58903965,400,9.455802,3.185854645,106.5082451,88780,8389.604574,66,62.2,62,68.82,99.61,90.979
JPN,Japan,32.1,93,-0.185373,0.79,0.89,41469.85471,126994511,2.7,93.928,0.343564293,83.84365854,9.5,129.7529409,2.198186266,32.27386767,13.33416293,9.538706103,4.087955017,3378.484553,11.58382708,5.52698149,1,12,0.11,57,35.900000000000006,7.51942013,392,126.994511,-0.115284177,348.350096,364560,38252.2832,80.2,74.69,20,96.6,90.78,91.616
KAZ,Kazakhstan,28.6,73,-1.528823,0.82,0.76,25263.81024,17797032,14.1,53.229,1.39743627,72,27.1,149.9946399,76.62713116,5.687438336,19.66999774,14.36238966,7.603113287,3721.971559,10.88824684,1.362599317,1,14,12,50.3,40.1,1.163729947,398,17.797032,1.431250879,6.592225803,2699700,23443.06624,71.1,54.56,101,62.89,68.41,57.428
KEN,Kenya,47.7,46,3.470087,0.33,0.54,3155.94041,48461567,49.4,26.055,4.23675858,66.64565854,19.7,81.28155256,NA,NA,16.29880428,0.310415314,7.824043516,449.7628967,10.19081421,75.51816658,0,29,80,5.9,15.9,12.48575277,404,48.461567,2.560925398,85.14876305,569140,2925.59669,54.9,47.25,130,0.63,62.93,27.03
KGZ,Kyrgyzstan,NA,30,-0.162889,0.69,0.63,3551.152704,6082700,21.3,35.85,2.489543985,70.65121951,19.2,131.3766535,NA,NA,16.92166624,1.646395339,8.558790998,8384.885614,6.6767466110000004,28.2504208,0,23,27,31.8,42,0.291634689,417,6.0827,2.089846482,31.71376434,191800,3291.96824,70.7,54.86,99,44.74,59.49,36.351
KHM,Cambodia,31.8,19,2.059624,0.34,0.58,3735.478623,15762370,28.7,20.945,2.63038193,68.47204878,20.3,124.9438457,3.55e-5,3.382490726,29.03890178,0.437759998,5.587274562,7897.430323,21.52730569,67.95334784,0,26,91,30.3,34.5,5.18535365,116,15.76237,1.564833471,89.29509404,176520,3465.125565,58.2,43.23,150,94.69,99.28,23.388
KOR,Republic of Korea,NA,NA,NA,0.75,0.89,35750.76998,51245707,3.4,82.592,0.594291337,82.15585366,17,122.6505247,9.007706172,33.14678276,28.66424214,11.57034541,6.625185736,1277.916641,15.1415675,2.838097595,1,25,0.078,58.900000000000006,42.3,2.279207467,410,51.245707,0.451318044,525.7048318,97480,34985.75988,75.5,62.3,60,96.52,61.19,81.459
KWT,Kuwait,NA,82,1.949983,0.39,0.81,NA,4052584,8.6,98.358,2.940473391,74.74682927,1.5,146.5511282,95.2221086,0.678217855,67.43349003,25.22386443,5.40849365,0,0.533108866,0,0,61,0.28,14,28.4,63.58108307,414,4.052584,2.924206194,227.4177329,17820,68861.74352,62.4,62.28,61,65.79,75.17,100
LAO,Lao People's Democratic Republic,33.4,18,2.491316,0.4,0.57,6186.084162,6758353,66.7,39.654,4.06411622,66.28404878,27.5,55.39316947,NA,NA,32.56943026,0.297200884,2.302410416,28952.02343,6.60745234,90.34351488,0,25,92,39.599999999999994,53.5,NA,418,6.758353,1.406426845,29.28229203,230800,5734.522274,61.4,42.94,153,27.59,23.37,35.004
LBN,Lebanon,36,74,2.364714,0.68,0.77,13995.65225,6006668,8.3,87.914,2.756448566,79.4982439,3.1,96.37083293,1.097492287,23.98309739,32.60158923,4.295732552,4.14976599,856.6412631,12.90322581,3.203544468,0,31,0.016,46.1,58.7,97.39617308,422,6.006668,2.617573568,587.1620723,10230,13267.8857,64.9,61.08,67,60.31,95.18,88.593
LBR,Liberia,54.2,6,3.468522,0.33,0.41,812.8867372,4613823,69.9,50.1,3.305927722,61.98021951,11,83.09673035,NA,NA,7.851815034,0.212967664,24.01874978,45550.43948,5.1910299,89.81932607,0,18,97,5,23.099999999999998,NA,430,4.613823,2.50636265,47.9009863,96320,753.557379,42.8,41.62,160,4.79,62.49,51.151
LCA,Saint Lucia,NA,NA,NA,0.62,0.71,11545.77584,178015,14.3,18.54,0.650517539,75.2835122,16.7,94.81554638,0.22541367,24.65233449,14.00929929,2.307191321,3.186996993,1700.477834,4.918032787,2.145866049,0,22,5.8,15.5,16.1,NA,662,0.178015,0.455491876,291.8278689,610,12010.50151,NA,56.18,91,47.25,79.96,18.678
LKA,Sri Lanka,36.4,30,0.901585,0.52,0.75,12316.16411,21203000,9.8,18.407,1.401506939,74.98895122,5.8,118.4947757,2.654188572,22.85380158,27.92362221,0.885545809,2.028808029,2542.005681,20.73034604,57.58517433,0,11,45,10.8,22.7,17.81975421,144,21.203,1.124060307,338.11194390000003,62710,11417.25228,65.9,60.61,70,53.09,69.91,18.476
LSO,Lesotho,NA,16,1.453974,0.34,0.49,3029.335431,2203821,90.2,27.84,3.247536073,53.57009756,25,106.574927,NA,NA,24.70117006,1.150111032,11.01950053,2437.336453,8.969038208,51.81579507,0,28,59,8.1,42.599999999999994,NA,426,2.203821,1.332723919,72.58962451,30360,2736.354895,53,33.78,173,2.86,42.18,28.153
LSO,Lesotho,NA,16,1.453974,0.34,0.49,3029.335431,2203821,90.2,27.84,3.247536073,53.57009756,25,106.574927,NA,NA,24.70117006,1.150111032,11.01950053,2437.336453,8.969038208,51.81579507,0,28,59,8.1,42.599999999999994,NA,426,2.203821,1.332723919,72.58962451,30360,2736.354895,53,33.78,173,2.86,42.18,28.153
LTU,Lithuania,NA,71,-0.33462,0.76,0.83,29966.12707,2872298,5.2,66.512,-1.123001709,75.1195122,21.3,140.7098117,17.68516519,24.44023164,19.06499459,4.378090123,3.876100523,5272.191373,37.5131684,28.07216559,0,12,1.3,61.8,46.7,6.458431188,440,2.872298,-1.129000251,45.84673583,62650,27904.09625,73.6,69.33,29,58.51,77.97,67.679
LUX,Luxembourg,NA,NA,NA,0.91,0.88,105881.7605,582972,1.9,90.432,2.620957369,82.22926829,28.3,147.8367286,0.814519549,9.872267438,16.58784625,17.36212137,3.143994175,1797.529835,24.17374517,6.966288592,0,10,0.47,58.2,35.1,0,442,0.582972,2.319777521,225.0857143,2590,94764.97477,75,79.12,7,99.3,93.62,90.981
LVA,Latvia,36.2,79,-0.052529,0.8,0.81,26031.00442,1960424,7.9,67.361,-0.899797934,74.12439024,18,131.1592991,7.586579394,14.05815807,20.41799195,3.498192882,4.135499853,8496.415355,19.44355098,40.23606125,0,13,6.3,61.4,72.8,0.018073378,428,1.960424,-0.868629779,31.52820843,62180,23717.60945,75.2,66.12,37,60.62,77.66,68.142
MAR,Morocco,30.6,57,2.772865,0.53,0.62,7837.904438,35276786,27.6,60.685,2.161954745,75.52014634,20.5,120.7233508,3.292297501,24.06378663,22.99104134,1.7443799740000001,3.225049062,845.0355705,18.21644634,11.77795804,0,33,1.5,35.4,39.099999999999994,7.173913043,504,35.276786,1.351228522,79.04276496,446300,7397.187488,66.7,63.47,54,42.24,81.39,62.453
MDA,Moldova,61.1,50,NA,0.62,0.66,5333.614925,3552000,15.8,45.089,0.149340866,71.37121951,21.8,110.9931725,0.253969896,13.1225099,20.5543623,1.386829142,8.160916062,455.517199,55.27836933,13.0473475,0,16,7.6,60.8,42.199999999999996,0.147758989,498,3.552,-0.059329244,123.5587139,32870,4944.335661,74.2,51.97,112,61.02,59.92,42.629
MDG,Madagascar,NA,4,3.414022,0.28,0.5,1506.009345,24894551,49.6,35.741,4.484352478,65.50782927,20.5,41.78842306,3.864986353,21.92617446,19.67682043,0.130421321,5.184313328,14285.8348,6.015812994,73.56423356,0,23,99,2.2,20.5,NA,450,24.894551,2.688870712,42.78884668,581800,1396.669615,43.5,33.73,175,4.04,61.04,37.191
MDV,Maldives,NA,NA,NA,0.41,0.7,13198.88003,417492,8.6,46.54,4.196434615,77.12026829,5.9,222.9852803,0.046677738,28.70250922,29.05613639,3.328648379,3.993509568,74.81296758,13,0.907876857,0,7.8,6.9,25,37.6,NA,462,0.417492,2.015177277,1391.64,300,14581.415,NA,52.14,111,57.62,81.73,39.808
MEX,Mexico,35.9,57,1.143014,0.74,0.76,17861.5687,127540423,13.2,79.517,1.64312093,76.88136585,42.4,88.2255718,10.60161306,8.373436081,20.23982419,3.866241113,3.850502581,3292.503075,11.82802541,9.798903322,1,21,15,11.8,15.5,10.14887285,484,127.540423,1.301730941,65.60890095,1943950,16832.4673,69.1,59.69,72,57.58,71.9,80.156
MKD,Macedonia,44.2,70,NA,0.7,0.73,15121.25165,2081206,5.5,57.204,0.266201315,75.52431707,33.3,100.6936412,1.755122201,14.44191243,40.4789043,3.614938183,4.304467818,2599.284234,16.41554322,18.30179467,1,30,28,70,56.900000000000006,2.461919943,807,2.081206,0.091238733,82.522046,25220,13054.77697,69.4,61.06,68,69.16,66.43,57.963
MLI,Mali,37.4,10,2.593274,0.3,0.41,2117.218178,17994837,114.7,40.683,4.87528126,57.45770732,8.8,120.3134276,NA,NA,44.0063041,0.083228663,1.963952595,3537.142293,5.254099771,83.56128977,0,39,97,7,33.1,NA,466,17.994837,2.971968633,14.74756964,1220190,1971.08448,48.5,43.71,147,2.69,63.41,42.356
MLT,Malta,NA,NA,NA,0.55,0.83,37899.21063,436947,6.4,95.529,1.295576981,81.94634146,12.9,124.8213579,43.05728683,40.33608186,15.67337266,5.491524789,2.565373161,118.166247,28.03125,3.952173172,0,14,0.65,40,37.2,92.32540292,470,0.436947,1.167802724,1365.459375,320,35743.36671,77,80.9,4,100,94.4,94.612
MMR,Myanmar,45.7,22,1.149028,0.48,0.52,5772.895394,52885223,50,34.65,2.520636329,66.38563415,9.9,89.261539,NA,NA,54.38812189,0.416600362,3.242693499,19316.62592,16.52018129,68.52169606,0,36,84,31.4,29.6,0.344395742,104,52.885223,0.914735351,80.9781696,653080,5305.054684,59.5,45.32,138,31.76,36.57,30.579
MNG,Mongolia,NA,21,-1.655788,0.55,0.7,12220.39348,3027398,22.4,72.823,2.763912767,69.11587805,17.1,113.6270172,27.86524009,26.47622714,23.59317989,7.127326348,6.781725408,11901.92811,0.365096939,3.969469699,1,40,53,43.099999999999994,44.800000000000004,4.171957192,496,3.027398,1.682874029,1.948684312,1553560,11361.00642,64.2,57.51,83,60.54,64.3,68.445
MOZ,Mozambique,40.9,9,2.75593,0.3,0.39,1217.111397,28829476,78.5,32.508,3.789714313,57.60926829,39.6,66.25082328,30.03791295,19.47173531,19.53856529,0.309666607,16.58079926,3685.822138,7.184821588,88.85294877,0,21,95,3.3,25.3,0.763320444,508,28.829476,2.881207724,36.6609985,786380,1128.279294,49.2,46.37,135,16.18,61.43,35.988
MRT,Mauritania,NA,15,2.12053,0.42,0.49,3853.534663,4301018,84.7,60.446,3.77392776,63.04636585,25.2,86.51966206,3.262655801,20.58707802,85.08515449,0.666822428,3.503129258,98.42713439,0.436596488,32.57984922,0,47,53,5.2,44,NA,478,4.301018,2.798060125,4.172909673,1030700,3572.28055,51.1,39.24,166,14.67,66.23,53.672
MUS,Mauritius,40.5,50,-0.208322,0.68,0.77,21087.74915,1263473,13.5,39.548,-0.241863223,74.35317073,11.6,144.2395617,9.23462e-4,19.25933645,14.95404587,3.353110472,2.623511794,2181.716093,36.94581281,10.64009215,0,14,2.5,23.1,31.7,37.83783784,480,1.263473,0.068723138,622.4004926,2030,19567.48966,62.1,56.63,90,61.05,85.88,40.793
MWI,Malawi,40.6,9,2.710005,0.25,0.41,1169.313739,18091575,64,16.454,4.017115507,62.54336585,16.7,40.32443197,0.044931583,13.49588156,25.72702911,0.07476291,5.461409106,945.5828217,40.30547306,80.57846674,0,24,95,3.4,19.7,NA,454,18.091575,2.904818605,191.8919707,94280,1083.801421,48,49.21,127,8.28,54.79,16.937
MYS,Malaysia,46.2,71,1.338561,0.8,0.77,27680.76867,31187265,7,75.37,2.385554036,75.22019512,10.4,141.1722149,22.01118769,17.05991709,15.55640978,8.032991579,5.134946369,19187.497480000002,2.90366763,4.769773882,0,16,2,30.7,39.9,1.158383459,458,31.187265,1.499323358,94.92395374,328550,25668.87478,69.7,59.22,75,63,69.32,76.036
NAM,Namibia,NA,22,2.248068,0.54,0.62,10584.96281,2479713,45.4,47.625,4.255007914,63.63643902,41.3,109.189536,1.481022686,6.374607644,21.44459626,1.583728667,3.315009316,2598.068656,0.971711062,27.61747334,0,25,54,8.7,37.4,1.7578125,516,2.479713,2.207998983,3.01195569,823290,9852.035111,59.3,58.46,79,15.5,60.6,50.032
NER,Niger,45.7,2,2.188029,0.23,0.34,978.4021911,20672987,95.5,19.01,5.299270324,59.68187805,14.6,48.87478182,27.03187043,3.64630138,62.74462018,0.111073516,7.011105269,182.7846235,12.55230126,78.13167457,0,94,98,0.93,13.5,57.62711864,562,20.672987,3.826066467,16.32034973,1266700,914.4670358,44.8,35.74,172,2.44,61.22,16.425
NGA,Nigeria,31.2,47,2.334981,0.4,0.5,5867.141985,185989640,108.8,48.597,4.322871078,52.97792683,5.6,81.82253473,90.85418686,16.30668831,37.95728931,0.545622113,5.635089918,1252.404915,37.33104955,87.27475791,0,72,72,2.6,14.5,0,566,185.98964,2.619033526,204.2114255,910770,5434.71131,48.6,54.76,100,7.75,48.08,50.344
NIC,Nicaragua,NA,20,2.673283,0.61,0.61,5541.277284,6149928,22.1,59.107,1.66658573,75.038,41.3,122.1359784,0.335303664,17.58983927,27.3819724,0.808520856,5.416582683,25972.74325,12.49792255,51.84228127,0,18,39,12.2,18,49.94540293,558,6.149928,1.110103051,51.10460362,120340,5136.841574,63.1,55.04,97,41.96,72.09,58.522
NLD,Netherlands,32.8,93,0.298826,0.88,0.92,50898.08869,17018408,3.8,91.032,1.052785082,81.70731707,37.3,129.9519713,16.59400167,20.48150898,14.63752206,9.920138075,3.966115532,652.2380541,31.01810626,5.668454079,0,12,0.3,67.2,34,1.300081766,528,17.018408,0.4622438,505.1471653,33690,47302.72068,79.9,75.46,18,98.26,89.68,91.49
NOR,Norway,43,97,-1.008087,0.9,0.94,59301.67024,5232929,2.6,80.734,1.174392954,82.1,39.6,110.0669767,64.90521705,5.3688324,9.07633792,9.270945132,3.651393661,74359.11012,2.208106887,57.0886188,0,7,0.63,60.099999999999994,26,0.020149803,578,5.232929,0.850589917,14.32717491,365245,64178.97128,83.9,77.49,14,99.65,97.14,82.248
NPL,Nepal,61.3,18,0.918211,0.38,0.54,2467.841139,28982771,35.8,18.995,3.153685951,69.86985366,29.6,111.6960279,0.00427692,20.39724817,74.99780697,0.283538526,7.669152136,6997.786729,14.74502965,84.37679559,0,100,65,31.1,32.8,0,524,28.982771,1.132886385,202.1818696,143350,2297.652539,61.6,31.44,176,23.54,3.94,19.74
NZL,New Zealand,28.9,88,-0.097139,0.86,0.91,39058.6924,4692700,5.7,86.322,2.132715981,81.45682927,31.4,124.9764861,3.274231471,15.11444007,5.546610811,7.686575825,5.572048289,72510.36654,2.240704873,30.86475021,1,6,0.34,50.599999999999994,28.5,0.002262188,554,4.6927,2.088702607,17.82195891,263310,35271.37895,77.6,75.96,17,93.37,98.99,86.538
OMN,Oman,26.8,74,3.414312,0.54,0.78,NA,4424762,11.6,78.088,5.79180675,77.12182927,1.2,159.2187308,83.53407271,5.778917516,53.28119972,15.44316719,6.524089385,353.452792,0.122778675,0,0,41,0.94,8.6,18.2,2.634470969,512,4.424762,5.217720553,14.29648465,309500,848.8753864,64.3,51.32,116,62.84,86.19,84.539
PAK,Pakistan,NA,18,1.888169,0.5,0.54,5249.288036,193203476,81.1,39.224,3.193724168,66.33217073,20.6,71.39413307,2.642198107,31.29578417,64.95375677,0.896264105,4.430746045,296.4220399,39.48733914,47.2055915,1,58,52,14.1,22.6,37.22499346,586,193.203476,1.998562594,250.6271741,770880,4854.633154,55.6,37.5,169,20.02,15.69,36.666
PAN,Panama,34.5,51,0.848493,0.75,0.77,23014.69004,4034119,17,66.895,2.075095247,77.81743902,18.3,172.301549,0.163619117,20.86401807,13.19621425,2.254311363,2.273620638,34989.87957,7.573311811,19.77078693,0,11,9.4,18.2,5.6000000000000005,27.75835276,591,4.034119,1.621103031,54.26579231,74340,21334.93968,63.9,62.71,56,43.45,78.88,67.709
PER,Peru,48,41,3.211026,0.65,0.74,13022.01745,31773839,16.9,78.924,1.657781535,74.71341463,27.7,117.0617122,14.47580894,14.23706658,27.8233501,1.993485949,2.806840377,52981.02362,3.2434375,25.63570064,0,25,26,18.4,16.1,1.403079729,604,31.773839,1.257862325,24.82331172,1280000,12071.59764,66,61.92,64,50.38,58.21,77.907
PHL,Philippines,45.3,41,1.395152,0.62,0.66,7806.211272,103320222,28,44.289,1.375013106,69.00985366,29.8,109.1695706,2.959358921,20.20098659,23.48713422,1.055456846,3.028210623,4785.107276,18.74769427,28.7212886,1,18,57,44.6,37.5,7.142077099,608,103.320222,1.564497131,346.5144783,298170,7236.463352,64.3,57.65,82,42.86,62.96,46.907
POL,Poland,43,68,-0.56254,0.69,0.83,27810.51663,37948016,5.2,60.531,-0.114343139,78.20487805,27.4,146.2073477,4.046633839,10.81722902,24.28187517,7.517151585,4.323205911,1410.090857,35.69025768,11.54735557,1,21,8.7,77.2,49,1.288783688,616,37.948016,-0.101129367,123.9361704,306190,26050.97985,75.8,64.11,50,69.23,53.04,60.058
PRT,Portugal,32.8,69,0.24957,0.85,0.82,30624.17469,10324611,3.6,64.017,0.537670531,81.52195122,34.8,109.0946689,7.946930295,17.15983872,9.760644322,4.331554028,3.254304653,3653.473078,12.41209541,30.49879177,0,8.2,1.1,47.8,34.4,2.558452448,620,10.324611,-0.323604271,112.7079417,91605,27104.84686,75.6,71.91,26,93.59,90.99,65.211
PRY,Paraguay,NA,44,1.951555,0.68,0.68,9576.561654,6725308,20.5,59.924,1.721324118,73.04297561,15,104.773063,22.74851466,15.43908868,14.853318,0.870219291,3.884101393,17855.55134,12.08155047,63.11691455,0,12,35,24.5,21.799999999999997,0.001793915,600,6.725308,1.289844973,16.92753083,397300,8871.37954,66.1,53.93,105,44.96,65.39,61.585
ROU,Romania,NA,56,-0.025712,0.77,0.79,23626.37274,19705301,11.1,54.749,-0.219105376,74.96097561,13.7,106.434876,5.758579617,9.363436789,19.57866345,3.516153691,3.482818598,2128.687764,38.15194715,24.34150754,1,15,14,63.400000000000006,48,0.719031583,642,19.705301,-0.557581505,85.64543202,230080,21607.99269,74.1,64.78,45,59.9,57.37,53.998
RUS,Russian Federation,27.3,73,-0.563819,0.77,0.78,23162.63216,144342396,9.6,74.101,0.295827456,70.90853659,12.7,163.2649275,69.87429274,1.581643346,16.63374961,11.85752777,8.190571971,29981.99148,7.518031223,3.455932262,1,16,0.18,56.300000000000004,66.4,0.946957789,643,144.342396,0.170244546,8.813796287,16376870,24811.14419,68.9,63.79,52,63.93,79.99,74.433
RWA,Rwanda,39.7,18,2.27484,0.25,0.51,1913.402063,11917508,41.7,29.775,5.737075847,66.62087805,63.8,69.9196415,0.198314947,4.049744575,49.71362154,0.074016446,5.337639351,837.3469429,46.59505472,88.44690473,0,43,99,7.800000000000001,16.2,NA,646,11.917508,2.445904867,483.0769355,24670,1773.750484,55,43.68,148,14.96,37.87,17.211
SAU,Saudi Arabia,33.9,70,3.230642,0.51,0.84,54430.86113,32275687,14.5,83.331,2.492920855,74.5744878,19.9,157.5984256,84.93700722,1.565340968,106.1617369,19.5292718,5.832764901,77.98101435,1.629072099,0.006008743,0,88,0.6,8.3,26.599999999999998,20.40634162,682,32.275687,2.251422474,15.01411227,2149690,50458.10489,62.7,57.47,86,62.38,79.91,83.844
SDN,Sudan,35.3,27,3.022028,0.39,0.47,NA,12230730,92.6,19.03,4.086257881,56.30258537,28.5,21.54685511,NA,NA,32.43740893,0.129749351,1.277912718,2254.797103,NA,29.82963232,0,55,60,4.6,1.7000000000000002,22.61822641,729,39.578828,2.380439887,22.68897306,2376000,4386.360304,49.9,51.49,115,24.46,64.56,34.642
SEN,Senegal,NA,22,2.394951,0.39,0.49,2567.80042,15411614,47.2,44.065,3.644334493,66.66143902,42.7,98.67802569,19.18716371,29.69214278,37.57020675,0.608809117,5.098084325,1773.669952,16.62078637,43.29716965,0,41,84,5.1,10,83.61567636,686,15.411614,2.860609064,80.04785748,192530,2379.451264,56.2,49.52,126,13.67,63.78,47.192
SLE,Sierra Leone,65.8,3,2.235714,0.29,0.37,1473.403805,7396190,120.4,40.318,3.11242846,51.41285366,12.4,97.6203972,0.012842457,38.2946352,19.29960911,0.184925702,5.725464982,22601.54521,21.94513716,73.05429458,0,22,97,4.6,52,NA,694,7.39619,2.175479241,102.4686894,72180,1368.829098,47.1,42.54,155,2.5,60.68,42.055
SLV,El Salvador,41.8,27,1.637369,0.69,0.66,8619.068674,6344722,16.8,67.189,1.200979294,73.00309756,32.1,140.7478517,2.583534807,17.47396052,37.0047886,1.000644623,3.516449541,2488.382375,36.1969112,28.16552091,0,24,19,11.2,13.3,42.1773251,222,6.344722,0.509497673,306.2124517,20720,7989.997256,62.9,53.91,106,42.34,76.15,72.023
SRB,Serbia,40.3,65,0.252872,0.74,0.75,14511.79145,7057412,6.7,55.668,-0.329792185,75.48780488,34,120.6199913,NA,NA,21.43664968,5.282521917,6.123958771,1179.007138,29.79304825,23.42929123,1,25,39,102.5,62.2,0.074477989,688,7.057412,-0.536587877,80.69302538,87460,13722.56349,73.6,57.49,84,69.73,56.67,56.092
SUR,Suriname,NA,43,0.290365,0.72,0.71,14146.34264,558368,21.3,66.015,0.886155218,71.28619512,25.5,145.9446016,10.63474803,21.06673045,18.47176015,3.634019433,3.381969099,180680.6734,0.416666667,25.38253454,0,25,12,35,34.8,39.94685562,740,0.558368,0.928418221,3.579282051,156000,13877.98601,70.4,54.2,103,40.14,75.24,66.06
SVK,Slovakia,NA,85,-0.239744,0.79,0.83,30631.95391,5428704,7.3,53.468,-0.152504441,77.21219512,20,127.9869675,4.611760015,10.46687466,20.52367065,5.661581328,4.655303805,2325.302857,28.99804517,12.14105169,0,18,3.2,67.5,42.4,1.441874437,703,5.428704,0.090357025,112.8957285,48086,29223.73369,76.9,70.6,28,69.62,59.42,53.726
SVN,Slovenia,26.6,73,-0.091423,0.84,0.87,32884.53889,2064845,2.6,49.627,0.017372091,81.07804878,36.7,114.5590253,6.187993323,13.01476373,20.3499567,6.213686845,4.812235446,9054.404019,9.145481629,22.67789442,1,16,6,67.4,31,0.114733077,705,2.064845,0.063656995,102.524578,20140,29932.89256,80.5,67.57,34,70.59,71.25,54.541
SWE,Sweden,26.1,91,-0.479521,0.88,0.9,49174.86379,9903122,3,85.964,1.228560689,82.55121951,43.6,126.6721371,7.98321638,13.57533998,6.241379908,4.478182178,4.728337889,17635.93854,6.353882792,49.53745892,0,6.2,0.58,35,20,0.155621839,752,9.903122,1.055073996,24.31347622,407310,46662.05263,85.6,80.51,5,96.88,92.84,87.431
SWZ,Swaziland,51.5,30,1.21945,0.54,0.53,8342.709639,1343098,60.7,21.315,1.842346623,56.91236585,6.2,76.37120859,NA,NA,21.60860671,0.928714992,4.995411386,2038.457351,10.1744186,63.55079827,0,17,37,6.1,10.3,NA,748,1.343098,1.809667249,78.08709302,17200,7723.64106,55,40.32,162,9.36,42.3,23.799
TCD,Chad,43.3,3,3.02086,0.24,0.37,1991.247916,14452543,138.7,22.618,3.766139312,52.55395122,14.9,44.47888063,NA,NA,46.05858564,0.053777688,2.787178174,1105.425295,3.891359593,89.24006473,0,66,96,3.2,13.4,NA,148,14.452543,3.114092441,11.47755956,1259200,1845.914679,41.5,45.34,137,79.61,69.22,23.059
TGO,Togo,46,7,2.191908,0.31,0.47,1490.926523,7606374,78.4,40.463,3.764742028,59.92370732,17.6,74.91073994,1.393242609,18.49761931,32.67724465,0.362696892,14.52716578,1590.833479,48.72219158,72.82531867,0,36,93,4.04,10.299999999999999,24.69135802,768,7.606374,2.523861304,139.848759,54390,1382.109747,50.2,41.78,159,12.92,50.08,41.702
THA,Thailand,39.4,39,0.774297,0.68,0.72,16916.48048,68863514,12.3,51.54,2.587770039,75.068,6.1,172.6452138,4.800766252,21.7983219,26.35272294,4.621860032,5.562631401,3281.359138,32.90336472,23.58596842,1,26,14,42.5,37.599999999999994,0.570432043,764,68.863514,0.299465512,134.7912741,510890,15683.05097,69.5,49.88,121,59.37,37.9,49.949
TJK,Tajikistan,30.8,19,-0.141209,0.65,0.61,2980.090352,8734951,44.8,26.891,2.562049202,71.00712195,19,106.6821621,NA,NA,50.02908375,0.620466725,5.514201995,7588.417439,5.259896531,40.71364057,0,46,36,11.3,20,0,762,8.734951,2.155884123,62.93827187,138786,2762.585453,66.8,47.85,129,29.9,23.22,27.134
TKM,Turkmenistan,NA,15,1.488318,0.74,0.7,16880.40662,5662544,51.4,50.396,2.447448946,67.64104878,25.8,157.6673108,NA,NA,31.29449247,12.51729534,14.29495576,257.0322092,4.128274424,0.041262014,0,22,0.28,19.7,14.200000000000001,0,795,5.662544,1.732524453,12.0497606,469930,15648.37312,56.7,66.1,38,45.96,87.82,51.593
TTO,Trinidad and Tobago,NA,69,0.705684,0.74,0.77,31907.77772,1364962,20.4,8.352,-0.749800334,70.58885366,31,160.6083527,NA,NA,14.19016577,34.16324263,19.83331212,2835.009114,4.873294347,0.280935357,0,24,0.8,26.9,27.4,0.233009709,780,1.364962,0.35742449,266.0744639,5130,30464.75917,69.1,67.36,35,56.29,93.91,53.184
TUN,Tunisia,35.8,49,1.755858,0.55,0.72,11598.54859,11403248,14,67.047,1.449145304,75.49704878,31.3,125.821724,13.1898466,18.33534004,44.79266297,2.587059584,3.724773169,376.4388579,18.66632338,12.92407437,0,38,0.27,29,39.1,4.635088433,788,11.403248,1.142910708,73.39886715,155360,10752.02434,68.7,62.35,58,57.6,95.45,68.945
TUR,Turkey,40,54,1.292389,0.75,0.76,24243.92399,79512426,13.5,73.887,2.238395514,75.40709756,14.9,96.87246592,3.761938199,8.598321639,36.40911573,4.491479026,3.54799051,2946.879779,26.90383691,11.57816894,1,44,1,80.39999999999999,57.7,0.849558604,792,79.512426,1.5730117,103.3125346,769630,23756.53838,68.5,52.96,108,59.28,78.2,75.143
UGA,Uganda,44.6,19,4.141845,0.28,0.48,1848.786757,41487965,54.6,16.444,5.398794171,59.5087561,33.5,55.07464508,2.114099522,23.69053129,60.30064052,0.134656001,7.029147697,1004.291725,34.41053262,89.21553025,0,50,97,6.199999999999999,11.100000000000001,NA,800,41.487965,3.290872381,206.9018801,200520,1687.082736,52.9,44.28,145,13.1,42.43,23.774
UKR,Ukraine,24.8,49,-0.069572,0.73,0.73,8271.779979,45004645,9,69.915,-0.016216706,71.1895122,12,132.6407689,3.389940473,27.89436885,18.87843558,5.020747064,12.49024606,1217.08925,56.15667455,3.497718466,1,20,3.9,48.2,52.1,0.460187036,804,45.004645,-0.33138051,77.68931796,579290,7270.693947,72.7,52.87,109,60.89,64.21,69.352
URY,Uruguay,41.3,65,0.653739,0.78,0.79,21625.26889,3444006,10.1,95.46,0.518459084,77.13163415,16.2,148.7080881,1.133128971,16.37120643,11.48844431,1.973150822,2.910370457,26962.64358,13.77328305,55.43136677,0,9.3,1.4,59.7,37.6,11.44104803,858,3.444006,0.362269175,19.6777854,175020,20046.92683,71,64.65,47,83.37,87.49,95.334
USA,United States of America,41.1,75,-0.17087,0.94,0.91,57466.78711,323127513,6.5,81.788,0.902097108,78.74146341,19.4,127.1579358,11.15637361,14.92077255,8.441199408,16.49366613,5.626817385,8845.961289,16.90145309,8.913332385,1,7.4,0.17,70.9,26.1,0.90380652,840,323.127513,0.692801346,35.32444263,9147420,53341.79018,72.4,71.19,27,90.92,97.52,82.256
UZB,Uzbekistan,35.2,43,0.657556,0.68,0.66,6514.326071,31848200,39.1,36.479,2.052790048,71.14568293,16,77.32782184,NA,NA,39.67064264,3.420722746,11.18207431,531.2490856,10.34320639,2.896783711,1,28,12,18.2,20,0.256634078,860,31.8482,1.739791235,74.86647861,425400,6038.865619,71.2,45.88,136,64.12,44.79,50.478
VEN,Venezuela,44.8,62,3.083512,0.77,0.76,NA,31568179,14.9,89.043,1.376597189,74.3915122,14.4,86.98981729,NA,NA,23.75584614,6.025697582,5.490554564,26188.75986,3.061050961,12.29750254,1,17,0.4,31.1,26.6,16.88578961,862,31.568179,1.31705725,35.78955728,882050,14059.73028,65.8,63.89,51,50.39,90.39,88.208
VNM,Viet Nam,35.6,53,1.428558,0.58,0.64,6424.133768,92701100,21.7,34.236,2.967295039,75.89119512,26.7,128.0379261,6.15828225,7.016392065,28.2516555,1.83966563,5.7247032,3961.251597,20.67113878,36.20010563,1,30,35,46.5,39.6,0.48602911,704,92.7011,1.071293182,298.9682975,310070,5955.258352,67.9,46.96,132,53.92,43.2,35.919
ZAF,South Africa,NA,90,1.399647,0.63,0.66,13225.43723,55908865,40.5,65.295,2.376645257,61.93409756,41.8,142.3848372,10.98986089,23.3818269,29.6286252,9.045270345,9.156227505,827.381378,10.30426432,16.58715452,1,25,11,37.9,32,0.074168342,710,55.908865,1.617203497,46.08797781,1213090,12260.16661,61.2,44.73,142,24.71,41.14,66.355
ZMB,Zambia,57.5,21,3.263561,0.38,0.56,3922.335309,16591390,64,41.379,4.113383832,61.33958537,18,74.94774192,1.149178466,14.06824689,26.74664908,0.288271141,7.399488412,5134.122879,5.111717941,88.08671076,0,27,85,7.5,18.5,3.006176055,894,16.59139,3.002815515,22.31855419,743390,3646.962323,51.1,50.97,117,9.08,41.66,43.521
ZWE,Zimbabwe,NA,16,2.808334,0.46,0.49,2006.374724,16150362,70.7,32.277,2.029803357,60.27934146,31.5,83.1798941,0.555653458,24.55168757,22.86952366,0.779955845,17.7578126,795.5008135,10.33992504,81.13041384,1,22,67,9.1,21.8,0.494386652,716,16.150362,2.33606955,41.74838309,386850,1879.62812,56.1,43.41,149,12.19,53.52,32.209
